match_id,match_date,tournament,team_a,team_b,venue,batting_team,bowling_team,target_score,actual_first_innings_score,target_team_a_score,target_team_b_score,target_winner_team_a,team_a_avg_runs_last_5,team_a_avg_runs_last_10,team_a_avg_wickets_last_5,team_a_run_rate_trend,team_b_avg_runs_last_5,team_b_avg_runs_last_10,team_b_avg_wickets_last_5,team_b_run_rate_trend,team_a_win_rate_vs_b,avg_score_team_a_vs_b,avg_score_team_b_vs_a,venue_avg_score,venue_chase_success_rate,venue_defend_bias,team_a_runs_vs_opponent_avg,team_b_runs_vs_opponent_avg,batting_first,team_a_bats_first,team_b_bats_first,team_a_chase_success_rate,team_b_chase_success_rate,team_a_defend_success_rate,team_b_defend_success_rate,chase_defend_edge_team_a_first,chase_defend_edge_team_b_first,venue_batting_first_advantage,recent_form_diff,recent_run_rate_diff,head_to_head_win_diff,wickets_taken_diff
sample_20200920_0000,2020-09-20,IPL,Royal Challengers Bengaluru,Delhi Capitals,M Chinnaswamy Stadium,Delhi Capitals,Royal Challengers Bengaluru,180.0,180.0,192.0,180.0,1.0,170.70357142857142,170.70357142857142,7.0,0.0,170.70357142857142,170.70357142857142,7.0,0.0,0.5,170.70357142857142,170.70357142857142,170.70357142857142,0.5,-0.0,0.0,0.0,0.0,0.0,1.0,0.5,0.5,0.5,0.5,0.0,0.0,0.0,0.0,0.0,0.0,0.0
sample_20200921_0001,2020-09-21,IPL,Rajasthan Royals,Sunrisers Hyderabad,Narendra Modi Stadium,Rajasthan Royals,Sunrisers Hyderabad,190.0,190.0,190.0,168.0,1.0,170.70357142857142,170.70357142857142,7.0,0.0,170.70357142857142,170.70357142857142,7.0,0.0,0.5,170.70357142857142,170.70357142857142,170.70357142857142,0.5,-0.0,0.0,0.0,1.0,1.0,0.0,0.5,0.5,0.5,0.5,0.0,0.0,0.0,0.0,0.0,0.0,0.0
sample_20200922_0002,2020-09-22,IPL,Chennai Super Kings,Royal Challengers Bengaluru,Narendra Modi Stadium,Chennai Super Kings,Royal Challengers Bengaluru,186.0,186.0,186.0,227.0,0.0,170.70357142857142,170.70357142857142,7.0,0.0,192.0,192.0,3.0,0.0,0.5,170.70357142857142,170.70357142857142,179.0,0.0,-1.0,-9.296428571428578,21.296428571428578,1.0,1.0,0.0,0.5,1.0,0.5,0.5,0.5,0.0,1.0,-21.296428571428578,0.0,0.0,-1.0
sample_20200923_0003,2020-09-23,IPL,Gujarat Titans,Sunrisers Hyderabad,MA Chidambaram Stadium,Gujarat Titans,Sunrisers Hyderabad,131.0,131.0,131.0,142.0,0.0,170.70357142857142,170.70357142857142,7.0,0.0,168.0,168.0,4.0,0.0,0.5,170.70357142857142,170.70357142857142,170.70357142857142,0.5,-0.0,-19.296428571428578,-2.703571428571422,1.0,1.0,0.0,0.5,0.0,0.5,0.5,-0.5,0.0,0.0,2.703571428571422,0.0,0.0,1.0
sample_20200924_0004,2020-09-24,IPL,Punjab Kings,Chennai Super Kings,Wankhede Stadium,Punjab Kings,Chennai Super Kings,180.0,180.0,180.0,161.0,1.0,170.70357142857142,170.70357142857142,7.0,0.0,186.0,186.0,10.0,0.0,0.5,170.70357142857142,170.70357142857142,170.70357142857142,0.5,-0.0,-56.29642857142858,15.296428571428578,1.0,1.0,0.0,0.5,0.5,0.5,0.0,0.0,0.5,0.0,-15.296428571428578,0.0,0.0,0.0
sample_20200925_0005,2020-09-25,IPL,Lucknow Super Giants,Rajasthan Royals,Arun Jaitley Stadium,Rajasthan Royals,Lucknow Super Giants,178.0,178.0,145.0,178.0,0.0,170.70357142857142,170.70357142857142,7.0,0.0,190.0,190.0,6.0,0.0,0.5,170.70357142857142,170.70357142857142,170.70357142857142,0.5,-0.0,2.703571428571422,19.296428571428578,0.0,0.0,1.0,0.5,0.5,0.5,1.0,0.0,-0.5,0.0,-19.296428571428578,0.0,0.0,3.0
sample_20200926_0006,2020-09-26,IPL,Kolkata Knight Riders,Royal Challengers Bengaluru,M Chinnaswamy Stadium,Kolkata Knight Riders,Royal Challengers Bengaluru,161.0,161.0,161.0,154.0,1.0,170.70357142857142,170.70357142857142,7.0,0.0,209.5,209.5,5.0,0.0,0.5,170.70357142857142,170.70357142857142,186.0,1.0,1.0,-12.296428571428578,38.79642857142858,1.0,1.0,0.0,0.5,1.0,0.5,0.5,0.5,0.0,-1.0,-38.79642857142858,0.0,0.0,-2.0
sample_20200927_0007,2020-09-27,IPL,Lucknow Super Giants,Royal Challengers Bengaluru,MA Chidambaram Stadium,Royal Challengers Bengaluru,Lucknow Super Giants,147.0,147.0,148.0,147.0,1.0,145.0,145.0,5.0,0.0,191.0,191.0,5.666666666666667,0.0,0.5,170.70357142857142,170.70357142857142,136.5,1.0,1.0,-30.666666666666657,13.0,0.0,0.0,1.0,0.0,0.6666666666666666,0.5,0.5,0.16666666666666663,-0.5,-1.0,-46.0,0.0,0.0,0.3333333333333339
sample_20200928_0008,2020-09-28,IPL,Chennai Super Kings,Kolkata Knight Riders,MA Chidambaram Stadium,Kolkata Knight Riders,Chennai Super Kings,164.0,164.0,167.0,164.0,1.0,173.5,173.5,9.5,0.0,161.0,161.0,8.0,0.0,0.5,170.70357142857142,170.70357142857142,142.0,1.0,1.0,19.5,-42.5,0.0,0.0,1.0,0.0,0.5,0.0,1.0,0.5,-1.0,-1.0,12.5,0.0,0.0,-1.0
sample_20200929_0009,2020-09-29,IPL,Lucknow Super Giants,Royal Challengers Bengaluru,Arun Jaitley Stadium,Royal Challengers Bengaluru,Lucknow Super Giants,136.0,136.0,137.0,136.0,1.0,146.5,146.5,7.0,0.0,180.0,180.0,6.75,0.0,1.0,148.0,147.0,161.5,0.0,-1.0,-22.25,17.5,0.0,0.0,1.0,0.5,0.6666666666666666,0.5,0.0,0.16666666666666663,0.5,1.0,-33.5,0.0,1.0,0.75
sample_20200930_0010,2020-09-30,IPL,Sunrisers Hyderabad,Chennai Super Kings,MA Chidambaram Stadium,Sunrisers Hyderabad,Chennai Super Kings,156.0,156.0,156.0,165.0,0.0,155.0,155.0,4.0,0.0,171.33333333333334,171.33333333333334,8.666666666666666,0.0,0.5,170.70357142857142,170.70357142857142,149.83333333333334,1.0,1.0,-35.33333333333334,10.833333333333343,1.0,1.0,0.0,0.5,0.5,0.5,0.0,0.0,0.5,-1.0,-16.333333333333343,0.0,0.0,-0.33333333333333304
sample_20201001_0011,2020-10-01,IPL,Chennai Super Kings,Kolkata Knight Riders,MA Chidambaram Stadium,Chennai Super Kings,Kolkata Knight Riders,195.0,195.0,195.0,179.0,1.0,169.75,169.75,8.75,0.0,162.5,162.5,7.5,0.0,1.0,167.0,164.0,152.5,1.0,1.0,9.25,-19.25,1.0,1.0,0.0,0.6666666666666666,0.5,0.0,0.5,0.5,0.16666666666666663,-1.0,7.25,0.0,1.0,-1.0
sample_20201002_0012,2020-10-02,IPL,Punjab Kings,Royal Challengers Bengaluru,MA Chidambaram Stadium,Royal Challengers Bengaluru,Punjab Kings,120.0,120.0,118.0,120.0,0.0,180.0,180.0,5.0,0.0,171.2,171.2,7.0,0.0,0.5,170.70357142857142,170.70357142857142,159.4,0.8,0.6,17.599999999999994,10.199999999999989,0.0,0.0,1.0,0.5,0.6666666666666666,1.0,0.0,-0.33333333333333337,0.5,-0.6,8.800000000000011,0.0,0.0,1.0
sample_20201003_0013,2020-10-03,IPL,Gujarat Titans,Chennai Super Kings,Arun Jaitley Stadium,Chennai Super Kings,Gujarat Titans,168.0,168.0,181.0,168.0,1.0,131.0,131.0,6.0,0.0,174.8,174.8,8.6,0.0,0.5,170.70357142857142,170.70357142857142,149.0,0.5,-0.0,-50.19999999999999,32.80000000000001,0.0,0.0,1.0,0.5,0.6666666666666666,0.0,0.5,0.6666666666666666,0.0,0.0,-43.80000000000001,0.0,0.0,-2.4000000000000004
sample_20201004_0014,2020-10-04,IPL,Delhi Capitals,Royal Challengers Bengaluru,Arun Jaitley Stadium,Delhi Capitals,Royal Challengers Bengaluru,187.0,187.0,187.0,181.0,1.0,180.0,180.0,8.0,0.0,156.8,162.66666666666666,7.0,-5.866666666666646,0.0,180.0,192.0,157.5,0.6666666666666666,0.33333333333333337,30.0,-35.19999999999999,1.0,1.0,0.0,0.5,0.6666666666666666,0.0,0.3333333333333333,0.6666666666666666,0.16666666666666669,-0.33333333333333337,23.19999999999999,5.866666666666646,-1.0,-4.6
sample_20201005_0015,2020-10-05,IPL,Sunrisers Hyderabad,Rajasthan Royals,MA Chidambaram Stadium,Sunrisers Hyderabad,Rajasthan Royals,170.0,170.0,170.0,167.0,1.0,155.33333333333334,155.33333333333334,4.333333333333333,0.0,184.0,184.0,7.5,0.0,0.0,168.0,190.0,152.66666666666666,0.6666666666666666,0.33333333333333337,-1.1666666666666572,22.0,1.0,1.0,0.0,0.5,0.5,0.0,1.0,0.5,-0.5,-0.33333333333333337,-28.666666666666657,0.0,-1.0,2.5
sample_20201006_0016,2020-10-06,IPL,Rajasthan Royals,Gujarat Titans,Narendra Modi Stadium,Gujarat Titans,Rajasthan Royals,144.0,144.0,121.0,144.0,0.0,178.33333333333334,178.33333333333334,7.666666666666667,0.0,156.0,156.0,5.5,0.0,0.5,170.70357142857142,170.70357142857142,192.75,0.5,-0.0,23.333333333333343,-5.0,0.0,0.0,1.0,0.0,1.0,1.0,0.0,0.0,0.0,0.0,22.333333333333343,0.0,0.0,-0.33333333333333304
sample_20201007_0017,2020-10-07,IPL,Rajasthan Royals,Royal Challengers Bengaluru,Arun Jaitley Stadium,Rajasthan Royals,Royal Challengers Bengaluru,167.0,167.0,167.0,140.0,1.0,164.0,164.0,7.0,0.0,147.6,165.28571428571428,6.6,-17.685714285714283,0.5,170.70357142857142,170.70357142857142,164.125,0.5,-0.0,13.800000000000011,-9.150000000000006,1.0,1.0,0.0,0.0,0.5,1.0,0.3333333333333333,-0.5,-0.3333333333333333,0.0,16.400000000000006,17.685714285714283,0.0,-0.9000000000000004
sample_20201008_0018,2020-10-08,IPL,Mumbai Indians,Sunrisers Hyderabad,MA Chidambaram Stadium,Mumbai Indians,Sunrisers Hyderabad,189.0,189.0,189.0,202.0,0.0,170.70357142857142,170.70357142857142,7.0,0.0,159.0,159.0,4.5,0.0,0.5,170.70357142857142,170.70357142857142,154.92857142857142,0.5714285714285714,0.1428571428571429,7.453571428571422,-11.703571428571422,1.0,1.0,0.0,0.5,0.5,0.5,0.5,0.0,0.0,-0.1428571428571429,11.703571428571422,0.0,0.0,-0.25
sample_20201009_0019,2020-10-09,IPL,Sunrisers Hyderabad,Delhi Capitals,Arun Jaitley Stadium,Delhi Capitals,Sunrisers Hyderabad,188.0,188.0,192.0,188.0,1.0,167.6,167.6,5.0,0.0,183.5,183.5,6.0,0.0,0.5,170.70357142857142,170.70357142857142,162.0,0.4,-0.19999999999999996,-18.900000000000006,15.099999999999994,0.0,0.0,1.0,0.6666666666666666,0.5,0.5,0.5,0.0,0.16666666666666663,0.19999999999999996,-15.900000000000006,0.0,0.0,2.8
sample_20201010_0020,2020-10-10,IPL,Delhi Capitals,Sunrisers Hyderabad,M Chinnaswamy Stadium,Sunrisers Hyderabad,Delhi Capitals,215.0,215.0,169.0,215.0,0.0,185.0,185.0,5.666666666666667,0.0,172.4,171.66666666666666,5.6,0.7333333333333485,0.0,188.0,192.0,171.75,0.5,-0.0,17.0,-15.933333333333337,0.0,0.0,1.0,0.5,0.75,0.3333333333333333,0.5,0.4166666666666667,0.0,0.0,12.599999999999994,-0.7333333333333485,-1.0,-1.5999999999999996
sample_20201011_0021,2020-10-11,IPL,Sunrisers Hyderabad,Gujarat Titans,Eden Gardens,Gujarat Titans,Sunrisers Hyderabad,164.0,164.0,157.0,164.0,0.0,187.0,177.85714285714286,6.6,9.142857142857139,152.0,152.0,6.333333333333333,0.0,1.0,142.0,131.0,170.70357142857142,0.5,-0.0,43.33333333333334,-23.599999999999994,0.0,0.0,1.0,0.75,1.0,0.6666666666666666,0.5,0.33333333333333337,0.25,0.0,35.0,9.142857142857139,1.0,1.5999999999999996
sample_20201012_0022,2020-10-12,IPL,Sunrisers Hyderabad,Gujarat Titans,Arun Jaitley Stadium,Gujarat Titans,Sunrisers Hyderabad,179.0,179.0,147.0,179.0,0.0,187.2,175.25,7.0,11.949999999999989,155.0,155.0,6.0,0.0,0.5,149.5,147.5,166.66666666666666,0.5,-0.0,40.19999999999999,-20.400000000000006,0.0,0.0,1.0,0.6,1.0,0.6666666666666666,0.6666666666666666,0.33333333333333337,-0.06666666666666665,0.0,32.19999999999999,11.949999999999989,0.0,0.2999999999999998
sample_20201013_0023,2020-10-13,IPL,Mumbai Indians,Rajasthan Royals,M Chinnaswamy Stadium,Rajasthan Royals,Mumbai Indians,144.0,144.0,127.0,144.0,0.0,189.0,189.0,5.0,0.0,164.6,164.6,6.8,0.0,0.5,170.70357142857142,170.70357142857142,178.5,0.3333333333333333,-0.33333333333333326,35.599999999999994,-37.400000000000006,0.0,0.0,1.0,0.5,0.0,0.0,1.0,0.0,-0.5,0.33333333333333326,24.400000000000006,0.0,0.0,1.5999999999999996
sample_20201014_0024,2020-10-14,IPL,Gujarat Titans,Sunrisers Hyderabad,Wankhede Stadium,Sunrisers Hyderabad,Gujarat Titans,193.0,193.0,174.0,193.0,0.0,159.8,159.8,6.0,0.0,182.6,172.11111111111111,6.8,10.48888888888888,0.6666666666666666,158.0,148.66666666666666,170.5,0.0,-1.0,-18.0,35.599999999999994,0.0,0.0,1.0,1.0,0.5,0.75,0.6666666666666666,-0.25,0.33333333333333337,1.0,-22.799999999999983,-10.48888888888888,0.33333333333333326,-0.20000000000000018
sample_20201015_0025,2020-10-15,IPL,Kolkata Knight Riders,Royal Challengers Bengaluru,Arun Jaitley Stadium,Kolkata Knight Riders,Royal Challengers Bengaluru,172.0,172.0,172.0,168.0,1.0,168.0,168.0,7.666666666666667,0.0,144.8,162.125,6.2,-17.32499999999999,1.0,161.0,154.0,166.14285714285714,0.42857142857142855,-0.1428571428571428,16.599999999999994,-27.19999999999999,1.0,1.0,0.0,0.0,0.4,0.5,0.3333333333333333,-0.09999999999999998,-0.3333333333333333,0.1428571428571428,23.19999999999999,17.32499999999999,1.0,1.333333333333333
sample_20201016_0026,2020-10-16,IPL,Sunrisers Hyderabad,Punjab Kings,Narendra Modi Stadium,Sunrisers Hyderabad,Punjab Kings,162.0,162.0,162.0,157.0,1.0,180.8,174.2,7.4,6.600000000000023,149.0,149.0,5.5,0.0,0.5,170.70357142857142,170.70357142857142,172.66666666666666,0.3333333333333333,-0.33333333333333326,40.30000000000001,-25.80000000000001,1.0,1.0,0.0,0.5,0.0,0.75,1.0,-0.75,-0.5,0.33333333333333326,31.80000000000001,6.600000000000023,0.0,-0.40000000000000036
sample_20201017_0027,2020-10-17,IPL,Rajasthan Royals,Sunrisers Hyderabad,M Chinnaswamy Stadium,Rajasthan Royals,Sunrisers Hyderabad,193.0,193.0,193.0,187.0,1.0,155.4,161.16666666666666,7.2,-5.7666666666666515,174.8,173.6,7.2,1.200000000000017,0.5,178.5,169.0,167.75,0.25,-0.5,-13.199999999999989,29.600000000000023,1.0,1.0,0.0,0.0,0.5,1.0,0.8,-0.5,-0.8,0.5,-19.400000000000006,-6.966666666666669,0.0,0.20000000000000018
sample_20201018_0028,2020-10-18,IPL,Mumbai Indians,Delhi Capitals,Eden Gardens,Delhi Capitals,Mumbai Indians,206.0,206.0,228.0,206.0,1.0,158.0,158.0,5.5,0.0,181.0,181.0,5.75,0.0,0.5,170.70357142857142,170.70357142857142,160.5,0.0,-1.0,-37.0,8.0,0.0,0.0,1.0,0.0,0.0,0.0,0.3333333333333333,0.0,-0.3333333333333333,1.0,-23.0,0.0,0.0,1.5
sample_20201019_0029,2020-10-19,IPL,Delhi Capitals,Royal Challengers Bengaluru,Eden Gardens,Delhi Capitals,Royal Challengers Bengaluru,195.0,195.0,195.0,171.0,1.0,186.0,186.0,5.4,0.0,149.0,162.77777777777777,5.4,-13.777777777777771,0.5,183.5,186.5,188.75,0.5,-0.0,29.80000000000001,-52.599999999999994,1.0,1.0,0.0,0.0,0.3333333333333333,0.25,0.3333333333333333,0.08333333333333331,-0.3333333333333333,0.0,37.0,13.777777777777771,0.0,0.5999999999999996
sample_20201020_0030,2020-10-20,IPL,Rajasthan Royals,Delhi Capitals,M Chinnaswamy Stadium,Delhi Capitals,Rajasthan Royals,179.0,179.0,147.0,179.0,0.0,158.4,165.71428571428572,6.8,-7.314285714285717,189.0,187.5,5.2,1.5,0.5,170.70357142857142,170.70357142857142,172.2,0.2,-0.6000000000000001,-39.0,35.400000000000006,0.0,0.0,1.0,0.0,0.0,1.0,0.4,-1.0,-0.4,0.6000000000000001,-30.599999999999994,-8.814285714285717,0.0,-0.7999999999999998
sample_20201021_0031,2020-10-21,IPL,Royal Challengers Bengaluru,Punjab Kings,Arun Jaitley Stadium,Royal Challengers Bengaluru,Punjab Kings,173.0,173.0,173.0,169.0,1.0,156.0,163.6,5.6,-7.599999999999994,151.66666666666666,151.66666666666666,5.333333333333333,0.0,1.0,120.0,118.0,166.625,0.375,-0.25,8.333333333333343,-16.133333333333354,1.0,1.0,0.0,0.2857142857142857,0.0,0.3333333333333333,1.0,-0.3333333333333333,-0.7142857142857143,0.25,4.333333333333343,-7.599999999999994,1.0,-0.20000000000000018
sample_20201022_0032,2020-10-22,IPL,Delhi Capitals,Gujarat Titans,Arun Jaitley Stadium,Delhi Capitals,Gujarat Titans,194.0,194.0,194.0,185.0,1.0,187.4,186.28571428571428,5.2,1.114285714285728,168.4,162.16666666666666,6.0,6.2333333333333485,0.5,170.70357142857142,170.70357142857142,167.11111111111111,0.3333333333333333,-0.33333333333333326,30.200000000000017,-22.19999999999999,1.0,1.0,0.0,0.0,0.5,0.5,0.75,0.0,-0.75,0.33333333333333326,19.0,-5.11904761904762,0.0,1.0
sample_20201023_0033,2020-10-23,IPL,Chennai Super Kings,Lucknow Super Giants,Arun Jaitley Stadium,Lucknow Super Giants,Chennai Super Kings,135.0,135.0,124.0,135.0,0.0,171.2,173.66666666666666,7.8,-2.4666666666666686,143.33333333333334,143.33333333333334,6.333333333333333,0.0,0.5,170.70357142857142,170.70357142857142,169.35,0.3,-0.3999999999999999,17.53333333333333,-28.666666666666657,0.0,0.0,1.0,0.6666666666666666,0.6666666666666666,0.3333333333333333,0.5,0.3333333333333333,0.16666666666666663,0.3999999999999999,27.866666666666646,-2.4666666666666686,0.0,-3.0
sample_20201024_0034,2020-10-24,IPL,Lucknow Super Giants,Punjab Kings,Eden Gardens,Lucknow Super Giants,Punjab Kings,158.0,158.0,158.0,145.0,1.0,141.25,141.25,7.25,0.0,156.0,156.0,5.5,0.0,0.5,170.70357142857142,170.70357142857142,186.83333333333334,0.3333333333333333,-0.33333333333333326,-12.75,9.75,1.0,1.0,0.0,0.6666666666666666,0.0,1.0,1.0,-1.0,-0.33333333333333337,0.33333333333333326,-14.75,0.0,0.0,0.75
sample_20201025_0035,2020-10-25,IPL,Sunrisers Hyderabad,Rajasthan Royals,M Chinnaswamy Stadium,Sunrisers Hyderabad,Rajasthan Royals,174.0,174.0,174.0,181.0,0.0,169.2,178.1,7.0,-8.900000000000006,154.4,163.375,6.4,-8.974999999999994,0.3333333333333333,175.0,183.33333333333334,170.66666666666666,0.16666666666666666,-0.6666666666666667,13.799999999999983,-19.0,1.0,1.0,0.0,0.42857142857142855,0.0,0.8,1.0,-0.8,-0.5714285714285714,0.6666666666666667,14.799999999999983,0.07499999999998863,-0.33333333333333337,-0.40000000000000036
sample_20201026_0036,2020-10-26,IPL,Delhi Capitals,Kolkata Knight Riders,M Chinnaswamy Stadium,Delhi Capitals,Kolkata Knight Riders,191.0,191.0,191.0,201.0,0.0,188.6,187.25,5.6,1.3499999999999943,169.0,169.0,7.25,0.0,0.5,170.70357142857142,170.70357142857142,171.64285714285714,0.2857142857142857,-0.4285714285714286,17.599999999999994,-20.19999999999999,1.0,1.0,0.0,0.0,0.0,0.5714285714285714,0.6666666666666666,-0.5714285714285714,-0.6666666666666666,0.4285714285714286,19.599999999999994,1.3499999999999943,0.0,0.5999999999999996
sample_20201027_0037,2020-10-27,IPL,Royal Challengers Bengaluru,Kolkata Knight Riders,MA Chidambaram Stadium,Royal Challengers Bengaluru,Kolkata Knight Riders,154.0,154.0,154.0,120.0,1.0,166.6,161.7,6.8,4.900000000000006,175.4,175.4,7.6,0.0,0.0,161.0,166.5,160.0,0.625,0.25,-8.400000000000006,-2.5999999999999943,1.0,1.0,0.0,0.2857142857142857,0.5,0.5,0.6666666666666666,0.0,-0.38095238095238093,-0.25,-8.800000000000011,4.900000000000006,-1.0,-1.0
sample_20201028_0038,2020-10-28,IPL,Lucknow Super Giants,Rajasthan Royals,Arun Jaitley Stadium,Rajasthan Royals,Lucknow Super Giants,157.0,157.0,158.0,157.0,1.0,144.6,144.6,7.0,0.0,166.4,165.33333333333334,5.8,1.0666666666666629,0.0,145.0,178.0,165.72727272727272,0.2727272727272727,-0.4545454545454546,-16.80000000000001,20.400000000000006,0.0,0.0,1.0,0.6666666666666666,0.25,1.0,1.0,-0.75,-0.33333333333333337,0.4545454545454546,-21.80000000000001,-1.0666666666666629,-1.0,2.2
sample_20201029_0039,2020-10-29,IPL,Mumbai Indians,Royal Challengers Bengaluru,MA Chidambaram Stadium,Royal Challengers Bengaluru,Mumbai Indians,135.0,135.0,117.0,135.0,0.0,181.33333333333334,181.33333333333334,5.666666666666667,0.0,161.2,154.4,7.0,6.799999999999983,0.5,170.70357142857142,170.70357142857142,157.44444444444446,0.5555555555555556,0.11111111111111116,16.73333333333335,-22.80000000000001,0.0,0.0,1.0,0.5,0.2857142857142857,0.0,0.6,0.2857142857142857,-0.09999999999999998,-0.11111111111111116,20.133333333333354,-6.799999999999983,0.0,-0.06666666666666732
sample_20201030_0040,2020-10-30,IPL,Gujarat Titans,Mumbai Indians,Narendra Modi Stadium,Gujarat Titans,Mumbai Indians,159.0,159.0,159.0,148.0,1.0,169.2,165.42857142857142,6.6,3.7714285714285722,165.25,165.25,5.75,0.0,0.5,170.70357142857142,170.70357142857142,169.375,0.25,-0.5,-2.5500000000000114,2.8499999999999943,1.0,1.0,0.0,0.3333333333333333,0.3333333333333333,0.75,0.0,-0.4166666666666667,0.3333333333333333,0.5,3.9499999999999886,3.7714285714285722,0.0,0.8499999999999996
sample_20201031_0041,2020-10-31,IPL,Punjab Kings,Chennai Super Kings,Arun Jaitley Stadium,Chennai Super Kings,Punjab Kings,195.0,195.0,207.0,195.0,1.0,153.8,153.8,6.2,0.0,163.8,166.57142857142858,6.6,-2.7714285714285722,1.0,180.0,161.0,165.04166666666666,0.3333333333333333,-0.33333333333333326,-9.199999999999989,9.0,0.0,0.0,1.0,0.0,0.5,1.0,0.3333333333333333,-0.5,-0.3333333333333333,0.33333333333333326,-10.0,2.7714285714285722,1.0,-0.40000000000000036
sample_20201101_0042,2020-11-01,IPL,Gujarat Titans,Rajasthan Royals,Eden Gardens,Rajasthan Royals,Gujarat Titans,181.0,181.0,194.0,181.0,1.0,172.2,164.625,5.6,7.574999999999989,164.4,164.5,6.4,-0.09999999999999432,1.0,144.0,121.0,178.0,0.25,-0.5,7.199999999999989,-3.4000000000000057,0.0,0.0,1.0,0.3333333333333333,0.25,0.8,0.8333333333333334,-0.55,-0.5,0.5,7.799999999999983,7.674999999999983,1.0,1.6000000000000005
sample_20201102_0043,2020-11-02,IPL,Gujarat Titans,Mumbai Indians,Arun Jaitley Stadium,Mumbai Indians,Gujarat Titans,190.0,190.0,187.0,190.0,0.0,178.2,167.88888888888889,5.6,10.311111111111103,161.8,161.8,6.2,0.0,1.0,159.0,148.0,167.80769230769232,0.38461538461538464,-0.23076923076923084,9.0,-10.799999999999983,0.0,0.0,1.0,0.5,0.25,0.8,0.0,-0.55,0.5,0.23076923076923084,16.399999999999977,10.311111111111103,1.0,1.3999999999999995
sample_20201103_0044,2020-11-03,IPL,Chennai Super Kings,Royal Challengers Bengaluru,M Chinnaswamy Stadium,Chennai Super Kings,Royal Challengers Bengaluru,182.0,182.0,182.0,167.0,1.0,169.4,170.125,6.2,-0.7249999999999943,160.2,152.5,6.8,7.699999999999989,0.0,186.0,227.0,174.6875,0.375,-0.25,14.800000000000011,-11.400000000000006,1.0,1.0,0.0,0.5,0.2857142857142857,0.25,0.6666666666666666,0.0357142857142857,-0.16666666666666663,0.25,9.200000000000017,-8.424999999999983,-1.0,0.7999999999999998
sample_20201104_0045,2020-11-04,IPL,Lucknow Super Giants,Punjab Kings,Eden Gardens,Lucknow Super Giants,Punjab Kings,171.0,171.0,171.0,170.0,1.0,147.2,146.83333333333334,7.0,0.3666666666666458,159.2,162.66666666666666,6.8,-3.4666666666666686,1.0,158.0,145.0,179.9,0.4,-0.19999999999999996,-14.400000000000006,17.399999999999977,1.0,1.0,0.0,0.75,0.2,1.0,1.0,-0.8,-0.25,0.19999999999999996,-12.0,3.8333333333333144,1.0,2.0
sample_20201105_0046,2020-11-05,IPL,Kolkata Knight Riders,Royal Challengers Bengaluru,M Chinnaswamy Stadium,Royal Challengers Bengaluru,Kolkata Knight Riders,187.0,187.0,190.0,187.0,1.0,167.2,166.16666666666666,7.4,1.0333333333333314,160.0,154.5,6.8,5.5,0.6666666666666666,151.0,158.66666666666666,174.66666666666666,0.3333333333333333,-0.33333333333333326,10.599999999999994,-15.0,0.0,0.0,1.0,0.3333333333333333,0.25,0.6666666666666666,0.6666666666666666,-0.41666666666666663,-0.3333333333333333,0.33333333333333326,7.199999999999989,-4.466666666666669,0.33333333333333326,0.1999999999999993
sample_20201106_0047,2020-11-06,IPL,Kolkata Knight Riders,Punjab Kings,Narendra Modi Stadium,Punjab Kings,Kolkata Knight Riders,178.0,178.0,193.0,178.0,1.0,172.4,169.57142857142858,7.0,2.828571428571422,169.6,163.71428571428572,6.4,5.885714285714272,0.5,170.70357142857142,170.70357142857142,166.2,0.2,-0.6000000000000001,0.5999999999999943,-9.400000000000006,0.0,0.0,1.0,0.5,0.16666666666666666,0.6666666666666666,1.0,-0.5,-0.5,0.6000000000000001,2.8000000000000114,-3.05714285714285,0.0,-0.20000000000000018
sample_20201107_0048,2020-11-07,IPL,Gujarat Titans,Punjab Kings,MA Chidambaram Stadium,Gujarat Titans,Punjab Kings,168.0,168.0,168.0,161.0,1.0,179.8,169.8,5.6,10.0,173.8,165.5,6.8,8.300000000000011,0.5,170.70357142857142,170.70357142857142,154.3,0.5,-0.0,1.8000000000000114,-7.399999999999977,1.0,1.0,0.0,0.4,0.16666666666666666,0.8,0.5,-0.6333333333333334,-0.09999999999999998,0.0,6.0,1.6999999999999886,0.0,0.6000000000000005
sample_20201108_0049,2020-11-08,IPL,Delhi Capitals,Gujarat Titans,Arun Jaitley Stadium,Gujarat Titans,Delhi Capitals,151.0,151.0,123.0,151.0,0.0,193.0,187.66666666666666,5.6,5.333333333333343,178.6,173.5,5.0,5.099999999999994,1.0,194.0,185.0,169.28571428571428,0.35714285714285715,-0.2857142857142858,18.19999999999999,-7.800000000000011,0.0,0.0,1.0,0.0,0.4,0.5,0.8333333333333334,-0.09999999999999998,-0.8333333333333334,0.2857142857142858,14.400000000000006,0.2333333333333485,1.0,0.7999999999999998
sample_20201109_0050,2020-11-09,IPL,Chennai Super Kings,Punjab Kings,M Chinnaswamy Stadium,Chennai Super Kings,Punjab Kings,160.0,160.0,160.0,159.0,1.0,172.8,171.44444444444446,5.6,1.3555555555555543,172.2,165.0,7.0,7.199999999999989,0.0,178.0,193.5,176.05,0.4,-0.19999999999999996,-4.199999999999989,-1.6000000000000227,1.0,1.0,0.0,0.5,0.14285714285714285,0.4,0.5,-0.2571428571428572,0.0,0.19999999999999996,0.6000000000000227,-5.844444444444434,-1.0,1.8000000000000007
sample_20201110_0051,2020-11-10,IPL,Rajasthan Royals,Kolkata Knight Riders,Arun Jaitley Stadium,Kolkata Knight Riders,Rajasthan Royals,131.0,131.0,152.0,131.0,1.0,171.8,163.6,5.6,8.200000000000017,175.2,172.5,6.6,2.6999999999999886,0.5,170.70357142857142,170.70357142857142,167.13333333333333,0.3333333333333333,-0.33333333333333326,-3.799999999999983,-3.200000000000017,0.0,0.0,1.0,0.25,0.6,0.7142857142857143,0.6666666666666666,-0.11428571428571432,-0.41666666666666663,0.33333333333333326,-3.3999999999999773,5.500000000000028,0.0,-1.0
sample_20201111_0052,2020-11-11,IPL,Delhi Capitals,Royal Challengers Bengaluru,MA Chidambaram Stadium,Delhi Capitals,Royal Challengers Bengaluru,181.0,181.0,181.0,152.0,1.0,176.4,181.2,5.8,-4.799999999999983,163.2,159.6,6.4,3.5999999999999943,0.6666666666666666,187.33333333333334,181.33333333333334,155.22727272727272,0.45454545454545453,-0.09090909090909083,20.80000000000001,-7.800000000000011,1.0,1.0,0.0,0.0,0.25,0.5,0.5714285714285714,-0.25,-0.5714285714285714,0.09090909090909083,13.200000000000017,-8.399999999999977,0.33333333333333326,1.2000000000000002
sample_20201112_0053,2020-11-12,IPL,Lucknow Super Giants,Royal Challengers Bengaluru,Wankhede Stadium,Lucknow Super Giants,Royal Challengers Bengaluru,155.0,155.0,155.0,136.0,1.0,151.8,150.28571428571428,6.8,1.5142857142857338,159.0,162.8,6.4,-3.8000000000000114,1.0,142.5,141.5,177.0,0.0,-1.0,-6.199999999999989,12.599999999999994,1.0,1.0,0.0,0.75,0.2222222222222222,1.0,0.5714285714285714,-0.7777777777777778,0.1785714285714286,1.0,-7.199999999999989,5.314285714285745,1.0,0.7999999999999998
sample_20201113_0054,2020-11-13,IPL,Rajasthan Royals,Mumbai Indians,Arun Jaitley Stadium,Rajasthan Royals,Mumbai Indians,174.0,174.0,174.0,195.0,0.0,163.6,161.0,5.4,2.5999999999999943,162.0,166.5,6.8,-4.5,1.0,144.0,127.0,165.53125,0.375,-0.25,-2.5999999999999943,-5.199999999999989,1.0,1.0,0.0,0.4,0.25,0.7142857142857143,0.5,-0.4642857142857143,-0.09999999999999998,0.25,1.5999999999999943,7.099999999999994,1.0,0.0
sample_20201114_0055,2020-11-14,IPL,Kolkata Knight Riders,Rajasthan Royals,Arun Jaitley Stadium,Kolkata Knight Riders,Rajasthan Royals,180.0,180.0,180.0,165.0,1.0,167.0,167.88888888888889,6.6,-0.8888888888888857,169.0,161.7,5.2,7.300000000000011,0.0,131.0,152.0,166.64705882352942,0.4117647058823529,-0.17647058823529416,-3.4000000000000057,-3.4000000000000057,1.0,1.0,0.0,0.6,0.4,0.5,0.625,-0.09999999999999998,-0.025000000000000022,0.17647058823529416,-2.0,-8.188888888888897,-1.0,1.2000000000000002
sample_20201115_0056,2020-11-15,IPL,Sunrisers Hyderabad,Lucknow Super Giants,Narendra Modi Stadium,Lucknow Super Giants,Sunrisers Hyderabad,158.0,158.0,136.0,158.0,0.0,172.6,179.9,6.6,-7.300000000000011,155.4,150.875,7.0,4.525000000000006,0.5,170.70357142857142,170.70357142857142,169.41666666666666,0.3333333333333333,-0.33333333333333326,26.19999999999999,-21.400000000000006,0.0,0.0,1.0,0.42857142857142855,0.75,0.6666666666666666,1.0,0.08333333333333337,-0.5714285714285714,0.33333333333333326,17.19999999999999,-11.825000000000017,0.0,-0.39999999999999947
sample_20201116_0057,2020-11-16,IPL,Delhi Capitals,Lucknow Super Giants,M Chinnaswamy Stadium,Lucknow Super Giants,Delhi Capitals,178.0,178.0,186.0,178.0,1.0,173.6,181.3,5.4,-7.700000000000017,160.0,151.66666666666666,5.8,8.333333333333343,0.5,170.70357142857142,170.70357142857142,174.54545454545453,0.36363636363636365,-0.2727272727272727,24.799999999999983,-7.199999999999989,0.0,0.0,1.0,0.0,0.75,0.5555555555555556,1.0,0.19444444444444442,-1.0,0.2727272727272727,13.599999999999994,-16.03333333333336,0.0,0.7999999999999998
sample_20201117_0058,2020-11-17,IPL,Lucknow Super Giants,Sunrisers Hyderabad,Narendra Modi Stadium,Lucknow Super Giants,Sunrisers Hyderabad,187.0,187.0,187.0,188.0,0.0,164.0,154.3,5.6,9.699999999999989,170.4,176.5,7.2,-6.099999999999994,1.0,158.0,136.0,166.21428571428572,0.2857142857142857,-0.4285714285714286,-8.599999999999994,13.400000000000006,1.0,1.0,0.0,0.75,0.375,0.8333333333333334,0.6666666666666666,-0.45833333333333337,0.08333333333333337,0.4285714285714286,-6.400000000000006,15.799999999999983,1.0,1.6000000000000005
sample_20201118_0059,2020-11-18,IPL,Sunrisers Hyderabad,Lucknow Super Giants,Eden Gardens,Lucknow Super Giants,Sunrisers Hyderabad,163.0,163.0,177.0,163.0,1.0,169.4,175.1,6.8,-5.699999999999989,169.8,158.5,6.0,11.300000000000011,0.5,162.0,172.5,178.33333333333334,0.3333333333333333,-0.33333333333333326,6.200000000000017,-5.399999999999977,0.0,0.0,1.0,0.4444444444444444,0.75,0.6666666666666666,0.7142857142857143,0.08333333333333337,-0.2698412698412699,0.33333333333333326,-0.4000000000000057,-17.0,0.0,-1.2000000000000002
sample_20201119_0060,2020-11-19,IPL,Sunrisers Hyderabad,Mumbai Indians,Eden Gardens,Mumbai Indians,Sunrisers Hyderabad,211.0,211.0,183.0,211.0,0.0,172.4,173.6,7.2,-1.1999999999999886,175.6,170.57142857142858,6.6,5.028571428571411,1.0,202.0,189.0,177.14285714285714,0.42857142857142855,-0.1428571428571428,0.20000000000001705,-0.8000000000000114,0.0,0.0,1.0,0.5,0.4,0.6666666666666666,0.5,-0.2666666666666666,0.0,0.1428571428571428,-3.1999999999999886,-6.228571428571399,1.0,0.5999999999999996
sample_20201120_0061,2020-11-20,IPL,Lucknow Super Giants,Kolkata Knight Riders,Narendra Modi Stadium,Lucknow Super Giants,Kolkata Knight Riders,189.0,189.0,189.0,181.0,1.0,168.2,160.0,5.4,8.199999999999989,162.8,169.1,5.2,-6.299999999999983,0.5,170.70357142857142,170.70357142857142,168.875,0.375,-0.25,1.0,-1.799999999999983,1.0,1.0,0.0,0.75,0.6,0.625,0.6,-0.025000000000000022,0.15000000000000002,0.25,5.399999999999977,14.499999999999972,0.0,0.40000000000000036
sample_20201121_0062,2020-11-21,IPL,Kolkata Knight Riders,Sunrisers Hyderabad,Wankhede Stadium,Sunrisers Hyderabad,Kolkata Knight Riders,212.0,212.0,199.0,212.0,0.0,175.0,171.1,5.6,3.9000000000000057,171.6,170.4,6.8,1.1999999999999886,0.5,170.70357142857142,170.70357142857142,166.5,0.0,-1.0,-5.0,-2.5999999999999943,0.0,0.0,1.0,0.5,0.45454545454545453,0.6,0.6666666666666666,-0.14545454545454545,-0.16666666666666663,1.0,3.4000000000000057,2.700000000000017,0.0,2.4000000000000004
sample_20201122_0063,2020-11-22,IPL,Lucknow Super Giants,Rajasthan Royals,Eden Gardens,Lucknow Super Giants,Rajasthan Royals,146.0,146.0,146.0,156.0,0.0,175.0,165.2,6.0,9.800000000000011,165.8,166.1,6.2,-0.29999999999998295,0.5,151.5,167.5,179.625,0.375,-0.25,3.4000000000000057,-7.799999999999983,1.0,1.0,0.0,0.75,0.3333333333333333,0.6666666666666666,0.625,-0.3333333333333333,0.125,0.25,9.199999999999989,10.099999999999994,0.0,3.5999999999999996
sample_20201123_0064,2020-11-23,IPL,Sunrisers Hyderabad,Delhi Capitals,Narendra Modi Stadium,Sunrisers Hyderabad,Delhi Capitals,190.0,190.0,190.0,167.0,1.0,179.2,175.9,6.8,3.299999999999983,175.0,181.2,6.4,-6.199999999999989,1.0,203.5,178.5,170.66666666666666,0.3333333333333333,-0.33333333333333326,5.799999999999983,-8.599999999999994,1.0,1.0,0.0,0.45454545454545453,0.3333333333333333,0.7142857142857143,0.5555555555555556,-0.380952380952381,-0.10101010101010105,0.33333333333333326,4.199999999999989,9.499999999999972,1.0,-1.4000000000000004
sample_20201124_0065,2020-11-24,IPL,Delhi Capitals,Gujarat Titans,Arun Jaitley Stadium,Gujarat Titans,Delhi Capitals,167.0,167.0,157.0,167.0,0.0,169.6,179.1,6.2,-9.5,171.8,170.5,4.2,1.3000000000000114,0.5,158.5,168.0,166.97222222222223,0.3888888888888889,-0.22222222222222232,9.0,-2.5999999999999943,0.0,0.0,1.0,0.25,0.4,0.5555555555555556,0.8571428571428571,-0.15555555555555556,-0.6071428571428571,0.22222222222222232,-2.200000000000017,-10.800000000000011,0.0,0.39999999999999947
sample_20201125_0066,2020-11-25,IPL,Gujarat Titans,Lucknow Super Giants,Narendra Modi Stadium,Lucknow Super Giants,Gujarat Titans,184.0,184.0,184.0,184.0,0.0,173.4,172.8,4.4,0.5999999999999943,172.6,166.3,6.2,6.299999999999983,0.5,170.70357142857142,170.70357142857142,171.45,0.3,-0.3999999999999999,-4.199999999999989,10.199999999999989,0.0,0.0,1.0,0.4,0.75,0.875,0.6,-0.125,-0.19999999999999996,0.3999999999999999,0.8000000000000114,-5.699999999999989,0.0,-2.8
sample_20201126_0067,2020-11-26,IPL,Chennai Super Kings,Sunrisers Hyderabad,Narendra Modi Stadium,Sunrisers Hyderabad,Chennai Super Kings,155.0,155.0,157.0,155.0,1.0,165.8,170.3,5.6,-4.5,190.0,180.2,6.8,9.800000000000011,1.0,165.0,156.0,172.5909090909091,0.2727272727272727,-0.2727272727272727,-19.599999999999994,20.19999999999999,0.0,0.0,1.0,0.5,0.45454545454545453,0.5,0.75,-0.04545454545454547,-0.25,0.2727272727272727,-24.19999999999999,-14.300000000000011,1.0,0.5999999999999996
sample_20201127_0068,2020-11-27,IPL,Royal Challengers Bengaluru,Rajasthan Royals,Arun Jaitley Stadium,Royal Challengers Bengaluru,Rajasthan Royals,177.0,177.0,177.0,147.0,1.0,155.4,158.3,5.8,-2.9000000000000057,165.6,165.0,5.6,0.5999999999999943,0.0,140.0,167.0,166.71052631578948,0.3684210526315789,-0.26315789473684204,-13.799999999999983,0.5999999999999943,1.0,1.0,0.0,0.2,0.42857142857142855,0.5714285714285714,0.625,-0.14285714285714285,-0.425,0.26315789473684204,-10.199999999999989,-3.5,-1.0,1.0
sample_20201128_0069,2020-11-28,IPL,Rajasthan Royals,Sunrisers Hyderabad,Narendra Modi Stadium,Rajasthan Royals,Sunrisers Hyderabad,199.0,199.0,199.0,157.0,1.0,158.8,165.3,6.2,-6.5,183.4,176.4,6.0,7.0,0.75,182.75,174.75,171.20833333333334,0.3333333333333333,-0.16666666666666674,-20.599999999999994,17.599999999999994,1.0,1.0,0.0,0.375,0.45454545454545453,0.625,0.6666666666666666,-0.17045454545454547,-0.29166666666666663,0.16666666666666674,-24.599999999999994,-13.5,0.5,-0.8000000000000007
sample_20201129_0070,2020-11-29,IPL,Gujarat Titans,Punjab Kings,Narendra Modi Stadium,Punjab Kings,Gujarat Titans,189.0,189.0,189.0,189.0,0.0,171.4,174.8,5.0,-3.4000000000000057,175.0,164.4,6.0,10.599999999999994,1.0,168.0,161.0,171.73076923076923,0.3076923076923077,-0.23076923076923084,-6.0,12.0,0.0,0.0,1.0,0.3333333333333333,0.125,0.875,0.5,-0.75,-0.16666666666666669,0.23076923076923084,-3.5999999999999943,-14.0,1.0,-1.2000000000000002
sample_20201130_0071,2020-11-30,IPL,Lucknow Super Giants,Kolkata Knight Riders,Narendra Modi Stadium,Kolkata Knight Riders,Lucknow Super Giants,148.0,148.0,144.0,148.0,0.0,173.8,168.9,5.6,4.900000000000006,176.8,174.6,5.8,2.200000000000017,1.0,189.0,181.0,172.96428571428572,0.2857142857142857,-0.1428571428571428,-5.399999999999977,-0.39999999999997726,0.0,0.0,1.0,0.75,0.42857142857142855,0.6363636363636364,0.6,-0.2077922077922078,0.15000000000000002,0.1428571428571428,-3.0,2.6999999999999886,1.0,1.0
sample_20201201_0072,2020-12-01,IPL,Royal Challengers Bengaluru,Punjab Kings,Arun Jaitley Stadium,Punjab Kings,Royal Challengers Bengaluru,180.0,180.0,167.0,180.0,0.0,163.8,162.0,6.0,1.8000000000000114,171.4,165.3,5.8,6.099999999999994,1.0,146.5,143.5,166.475,0.35,-0.30000000000000004,-12.399999999999977,0.4000000000000057,0.0,0.0,1.0,0.2,0.125,0.625,0.6666666666666666,-0.5,-0.4666666666666666,0.30000000000000004,-7.599999999999994,-4.299999999999983,1.0,0.0
sample_20201202_0073,2020-12-02,IPL,Kolkata Knight Riders,Sunrisers Hyderabad,M Chinnaswamy Stadium,Kolkata Knight Riders,Sunrisers Hyderabad,188.0,188.0,188.0,170.0,1.0,167.8,171.5,5.6,-3.6999999999999886,179.4,175.9,5.6,3.5,0.0,199.0,212.0,175.16666666666666,0.4166666666666667,-0.16666666666666674,-18.799999999999983,7.0,1.0,1.0,0.0,0.42857142857142855,0.4166666666666667,0.6666666666666666,0.6666666666666666,-0.24999999999999994,-0.23809523809523808,0.16666666666666674,-11.599999999999994,-7.199999999999989,-1.0,0.6000000000000005
sample_20201203_0074,2020-12-03,IPL,Gujarat Titans,Sunrisers Hyderabad,Arun Jaitley Stadium,Sunrisers Hyderabad,Gujarat Titans,214.0,214.0,224.0,214.0,1.0,171.8,175.8,4.6,-4.0,176.8,174.2,5.6,2.6000000000000227,0.5,162.0,159.75,166.8095238095238,0.3333333333333333,-0.33333333333333326,-10.199999999999989,14.0,0.0,0.0,1.0,0.2857142857142857,0.38461538461538464,0.875,0.6666666666666666,-0.49038461538461536,-0.38095238095238093,0.33333333333333326,-5.0,-6.600000000000023,0.0,-1.6000000000000005
sample_20201204_0075,2020-12-04,IPL,Chennai Super Kings,Lucknow Super Giants,Eden Gardens,Lucknow Super Giants,Chennai Super Kings,166.0,166.0,173.0,166.0,1.0,163.6,167.4,5.2,-3.8000000000000114,165.2,167.5,5.2,-2.3000000000000114,0.0,124.0,135.0,176.44444444444446,0.4444444444444444,-0.11111111111111116,-5.599999999999994,0.5999999999999943,0.0,0.0,1.0,0.6,0.6,0.5,0.6363636363636364,0.09999999999999998,-0.036363636363636376,0.11111111111111116,-1.5999999999999943,-1.5,-1.0,-0.7999999999999998
sample_20201205_0076,2020-12-05,IPL,Royal Challengers Bengaluru,Mumbai Indians,MA Chidambaram Stadium,Royal Challengers Bengaluru,Mumbai Indians,194.0,194.0,194.0,173.0,1.0,163.8,161.9,6.4,1.9000000000000057,172.2,175.625,6.6,-3.4250000000000114,1.0,135.0,117.0,156.16666666666666,0.4166666666666667,-0.16666666666666674,-3.799999999999983,1.5999999999999943,1.0,1.0,0.0,0.18181818181818182,0.4,0.625,0.6666666666666666,-0.22499999999999998,-0.4848484848484848,0.16666666666666674,-8.399999999999977,5.325000000000017,1.0,1.4000000000000004
sample_20201206_0077,2020-12-06,IPL,Delhi Capitals,Rajasthan Royals,M Chinnaswamy Stadium,Rajasthan Royals,Delhi Capitals,173.0,173.0,171.0,173.0,0.0,162.8,177.9,5.4,-15.099999999999994,168.2,165.9,6.4,2.299999999999983,1.0,179.0,147.0,175.46153846153845,0.38461538461538464,-0.23076923076923084,-8.199999999999989,0.5999999999999943,0.0,0.0,1.0,0.2,0.375,0.5555555555555556,0.6666666666666666,-0.18055555555555558,-0.4666666666666666,0.23076923076923084,-5.399999999999977,-17.399999999999977,1.0,1.2000000000000002
sample_20201207_0078,2020-12-07,IPL,Royal Challengers Bengaluru,Lucknow Super Giants,Wankhede Stadium,Royal Challengers Bengaluru,Lucknow Super Giants,148.0,148.0,148.0,133.0,1.0,165.2,164.2,6.6,1.0,165.8,167.0,5.6,-1.1999999999999886,0.0,139.66666666666666,146.66666666666666,176.25,0.0,-1.0,-3.200000000000017,-1.3999999999999773,1.0,1.0,0.0,0.18181818181818182,0.6,0.6666666666666666,0.5833333333333334,-0.06666666666666665,-0.40151515151515155,1.0,-0.6000000000000227,2.1999999999999886,-1.0,-0.20000000000000018
sample_20201208_0079,2020-12-08,IPL,Lucknow Super Giants,Mumbai Indians,Arun Jaitley Stadium,Mumbai Indians,Lucknow Super Giants,185.0,185.0,191.0,185.0,1.0,154.6,164.8,5.2,-10.200000000000017,183.4,175.33333333333334,6.8,8.066666666666663,0.5,170.70357142857142,170.70357142857142,169.1818181818182,0.36363636363636365,-0.2727272727272727,-24.80000000000001,21.599999999999994,0.0,0.0,1.0,0.5,0.3333333333333333,0.5833333333333334,0.6666666666666666,-0.25000000000000006,-0.16666666666666663,0.2727272727272727,-28.80000000000001,-18.26666666666668,0.0,0.0
sample_20201209_0080,2020-12-09,IPL,Punjab Kings,Kolkata Knight Riders,Narendra Modi Stadium,Kolkata Knight Riders,Punjab Kings,162.0,162.0,149.0,162.0,0.0,173.4,171.5,6.6,1.9000000000000057,179.2,173.1,6.0,6.099999999999994,0.0,178.0,193.0,171.16666666666666,0.26666666666666666,-0.19999999999999996,-2.5999999999999943,3.799999999999983,0.0,0.0,1.0,0.125,0.42857142857142855,0.75,0.7142857142857143,-0.32142857142857145,-0.5892857142857143,0.19999999999999996,-5.799999999999983,-4.199999999999989,-1.0,-0.6000000000000005
sample_20201210_0081,2020-12-10,IPL,Kolkata Knight Riders,Royal Challengers Bengaluru,M Chinnaswamy Stadium,Royal Challengers Bengaluru,Kolkata Knight Riders,167.0,167.0,160.0,167.0,0.0,175.6,169.2,6.8,6.400000000000006,164.4,161.7,5.4,2.700000000000017,0.75,160.75,165.75,175.21428571428572,0.35714285714285715,-0.2857142857142858,18.0,-8.400000000000006,0.0,0.0,1.0,0.42857142857142855,0.18181818181818182,0.75,0.7,-0.5681818181818181,-0.2714285714285714,0.2857142857142858,11.199999999999989,3.6999999999999886,0.5,-0.40000000000000036
sample_20201211_0082,2020-12-11,IPL,Kolkata Knight Riders,Punjab Kings,M Chinnaswamy Stadium,Punjab Kings,Kolkata Knight Riders,164.0,164.0,153.0,164.0,0.0,171.4,173.2,7.0,-1.799999999999983,167.6,170.7,6.8,-3.0999999999999943,1.0,177.5,163.5,174.43333333333334,0.3333333333333333,-0.33333333333333326,2.200000000000017,-0.8000000000000114,0.0,0.0,1.0,0.375,0.1111111111111111,0.75,0.75,-0.6388888888888888,-0.375,0.33333333333333326,3.8000000000000114,1.3000000000000114,1.0,0.40000000000000036
sample_20201212_0083,2020-12-12,IPL,Punjab Kings,Royal Challengers Bengaluru,Arun Jaitley Stadium,Punjab Kings,Royal Challengers Bengaluru,188.0,188.0,188.0,194.0,0.0,168.2,170.2,6.8,-2.0,170.6,163.0,6.2,7.599999999999994,0.3333333333333333,155.66666666666666,153.33333333333334,170.0,0.391304347826087,-0.21739130434782616,9.599999999999994,4.400000000000006,1.0,1.0,0.0,0.1111111111111111,0.18181818181818182,0.8,0.7272727272727273,-0.6181818181818182,-0.6161616161616161,0.21739130434782616,-2.4000000000000057,-9.599999999999994,-0.33333333333333337,-1.2000000000000002
sample_20201213_0084,2020-12-13,IPL,Gujarat Titans,Punjab Kings,Wankhede Stadium,Punjab Kings,Gujarat Titans,156.0,156.0,160.0,156.0,1.0,183.0,180.8,5.2,2.1999999999999886,174.0,174.5,7.6,-0.5,0.5,178.5,175.0,169.1,0.0,-1.0,10.0,0.5999999999999943,0.0,0.0,1.0,0.375,0.1111111111111111,0.875,0.6666666666666666,-0.7638888888888888,-0.29166666666666663,1.0,9.0,2.6999999999999886,0.0,-2.0
sample_20201214_0085,2020-12-14,IPL,Chennai Super Kings,Lucknow Super Giants,Narendra Modi Stadium,Lucknow Super Giants,Chennai Super Kings,190.0,190.0,204.0,190.0,1.0,173.4,168.6,5.8,4.800000000000011,163.6,168.1,5.4,-4.5,0.5,148.5,150.5,170.1875,0.25,-0.25,5.800000000000011,-7.200000000000017,0.0,0.0,1.0,0.6666666666666666,0.5714285714285714,0.5,0.5833333333333334,0.0714285714285714,0.08333333333333326,0.25,9.800000000000011,9.300000000000011,0.0,-0.20000000000000018
sample_20201215_0086,2020-12-15,IPL,Royal Challengers Bengaluru,Mumbai Indians,M Chinnaswamy Stadium,Mumbai Indians,Royal Challengers Bengaluru,205.0,205.0,168.0,205.0,0.0,174.0,168.9,6.8,5.099999999999994,190.8,176.3,6.8,14.5,1.0,164.5,145.0,173.4375,0.3125,-0.375,-11.800000000000011,24.0,0.0,0.0,1.0,0.25,0.3333333333333333,0.7272727272727273,0.5,-0.393939393939394,-0.25,0.375,-16.80000000000001,-9.400000000000006,1.0,1.7999999999999998
sample_20201216_0087,2020-12-16,IPL,Sunrisers Hyderabad,Rajasthan Royals,Narendra Modi Stadium,Sunrisers Hyderabad,Rajasthan Royals,188.0,188.0,188.0,201.0,0.0,177.2,178.2,6.0,-1.0,168.0,168.5,6.4,-0.5,0.2,171.2,186.0,171.76470588235293,0.29411764705882354,-0.17647058823529416,11.0,-19.0,1.0,1.0,0.0,0.38461538461538464,0.375,0.6,0.7,-0.22499999999999998,-0.3153846153846153,0.17647058823529416,9.199999999999989,-0.5,-0.6,0.7999999999999998
sample_20201217_0088,2020-12-17,IPL,Delhi Capitals,Sunrisers Hyderabad,MA Chidambaram Stadium,Delhi Capitals,Sunrisers Hyderabad,147.0,147.0,147.0,156.0,0.0,172.4,174.4,6.2,-2.0,176.8,183.4,5.4,-6.599999999999994,0.0,174.66666666666666,199.0,158.26923076923077,0.38461538461538464,-0.23076923076923084,-21.400000000000006,4.800000000000011,1.0,1.0,0.0,0.16666666666666666,0.38461538461538464,0.5555555555555556,0.5454545454545454,-0.17094017094017094,-0.3787878787878788,0.23076923076923084,-4.400000000000006,4.599999999999994,-1.0,-0.20000000000000018
sample_20201218_0089,2020-12-18,IPL,Punjab Kings,Delhi Capitals,MA Chidambaram Stadium,Punjab Kings,Delhi Capitals,134.0,134.0,134.0,158.0,0.0,167.4,169.4,8.2,-2.0,165.6,169.6,6.0,-4.0,0.5,170.70357142857142,170.70357142857142,157.78571428571428,0.42857142857142855,-0.1428571428571428,-5.400000000000006,-1.5999999999999943,1.0,1.0,0.0,0.1111111111111111,0.16666666666666666,0.5714285714285714,0.5,-0.40476190476190477,-0.3888888888888889,0.1428571428571428,1.8000000000000114,2.0,0.0,1.4000000000000004
sample_20201219_0090,2020-12-19,IPL,Royal Challengers Bengaluru,Mumbai Indians,MA Chidambaram Stadium,Mumbai Indians,Royal Challengers Bengaluru,165.0,165.0,158.0,165.0,0.0,174.2,169.0,6.8,5.199999999999989,193.8,177.9,7.2,15.900000000000006,0.6666666666666666,165.66666666666666,165.0,157.0,0.4666666666666667,-0.06666666666666665,-7.800000000000011,22.0,0.0,0.0,1.0,0.23076923076923078,0.3333333333333333,0.7272727272727273,0.6,-0.393939393939394,-0.3692307692307692,0.06666666666666665,-19.600000000000023,-10.700000000000017,0.33333333333333326,1.8000000000000007
sample_20201220_0091,2020-12-20,IPL,Sunrisers Hyderabad,Delhi Capitals,M Chinnaswamy Stadium,Delhi Capitals,Sunrisers Hyderabad,185.0,185.0,174.0,185.0,0.0,177.0,180.2,6.2,-3.1999999999999886,160.0,167.5,6.2,-7.5,1.0,188.25,167.75,174.2058823529412,0.29411764705882354,-0.41176470588235303,13.0,-31.80000000000001,0.0,0.0,1.0,0.42857142857142855,0.2857142857142857,0.5454545454545454,0.5,-0.2597402597402597,-0.07142857142857145,0.41176470588235303,17.0,4.300000000000011,1.0,0.20000000000000018
sample_20201221_0092,2020-12-21,IPL,Kolkata Knight Riders,Chennai Super Kings,MA Chidambaram Stadium,Chennai Super Kings,Kolkata Knight Riders,172.0,172.0,157.0,172.0,0.0,162.2,169.5,7.2,-7.300000000000011,175.2,172.3,6.0,2.8999999999999773,0.0,171.5,181.0,157.28125,0.4375,-0.125,-5.200000000000017,16.399999999999977,0.0,0.0,1.0,0.3333333333333333,0.7142857142857143,0.75,0.5,-0.0357142857142857,-0.16666666666666669,0.125,-13.0,-10.199999999999989,-1.0,0.7999999999999998
sample_20201222_0093,2020-12-22,IPL,Royal Challengers Bengaluru,Sunrisers Hyderabad,Narendra Modi Stadium,Royal Challengers Bengaluru,Sunrisers Hyderabad,168.0,168.0,168.0,168.0,1.0,167.0,166.1,6.4,0.9000000000000057,180.4,179.9,6.8,0.5,0.5,170.70357142857142,170.70357142857142,173.02777777777777,0.3333333333333333,-0.11111111111111116,-22.0,10.200000000000017,1.0,1.0,0.0,0.21428571428571427,0.4,0.7272727272727273,0.5454545454545454,-0.32727272727272727,-0.3311688311688311,0.11111111111111116,-13.400000000000006,0.4000000000000057,0.0,3.000000000000001
sample_20201223_0094,2020-12-23,IPL,Punjab Kings,Lucknow Super Giants,Eden Gardens,Lucknow Super Giants,Punjab Kings,182.0,182.0,198.0,182.0,1.0,158.2,165.8,7.8,-7.600000000000023,164.8,169.3,6.6,-4.5,0.0,157.5,164.5,175.75,0.5,-0.0,-13.400000000000006,-0.5999999999999943,0.0,0.0,1.0,0.1111111111111111,0.5714285714285714,0.5,0.5384615384615384,0.0714285714285714,-0.42735042735042733,0.0,-6.600000000000023,-3.1000000000000227,-1.0,2.0
sample_20201224_0095,2020-12-24,IPL,Mumbai Indians,Chennai Super Kings,Narendra Modi Stadium,Chennai Super Kings,Mumbai Indians,155.0,155.0,134.0,155.0,0.0,187.8,181.7,8.0,6.100000000000023,173.2,173.0,6.4,0.19999999999998863,0.5,170.70357142857142,170.70357142857142,172.76315789473685,0.3157894736842105,-0.05263157894736836,22.400000000000006,-5.600000000000023,0.0,0.0,1.0,0.3333333333333333,0.7142857142857143,0.6666666666666666,0.5714285714285714,0.04761904761904767,-0.23809523809523808,0.05263157894736836,14.600000000000023,5.900000000000034,0.0,0.5999999999999996
sample_20201225_0096,2020-12-25,IPL,Lucknow Super Giants,Chennai Super Kings,Narendra Modi Stadium,Lucknow Super Giants,Chennai Super Kings,165.0,165.0,165.0,174.0,0.0,172.4,168.8,7.6,3.5999999999999943,172.2,169.0,6.0,3.1999999999999886,0.3333333333333333,163.66666666666666,167.0,171.35,0.3,-0.10000000000000009,12.0,-9.400000000000006,1.0,1.0,0.0,0.5714285714285714,0.7142857142857143,0.5,0.625,0.2142857142857143,-0.0535714285714286,0.10000000000000009,0.20000000000001705,0.4000000000000057,-0.33333333333333337,0.0
sample_20201226_0097,2020-12-26,IPL,Gujarat Titans,Delhi Capitals,Narendra Modi Stadium,Delhi Capitals,Gujarat Titans,182.0,182.0,202.0,182.0,1.0,184.8,178.3,5.8,6.5,163.6,166.6,6.0,-3.0,0.6666666666666666,167.66666666666666,158.0,171.26190476190476,0.3333333333333333,-0.04761904761904767,24.0,-16.400000000000006,0.0,0.0,1.0,0.4444444444444444,0.2857142857142857,0.875,0.5454545454545454,-0.5892857142857143,-0.101010101010101,0.04761904761904767,21.200000000000017,9.5,0.33333333333333326,-0.8000000000000007
sample_20201227_0098,2020-12-27,IPL,Sunrisers Hyderabad,Royal Challengers Bengaluru,M Chinnaswamy Stadium,Sunrisers Hyderabad,Royal Challengers Bengaluru,171.0,171.0,171.0,157.0,1.0,180.0,178.4,6.8,1.5999999999999943,171.0,167.7,6.8,3.3000000000000114,0.0,168.0,168.0,174.5,0.2777777777777778,-0.4444444444444444,2.8000000000000114,-14.0,1.0,1.0,0.0,0.375,0.21428571428571427,0.5454545454545454,0.75,-0.3311688311688311,-0.375,0.4444444444444444,9.0,-1.700000000000017,-1.0,-3.3999999999999995
sample_20201228_0099,2020-12-28,IPL,Kolkata Knight Riders,Royal Challengers Bengaluru,M Chinnaswamy Stadium,Royal Challengers Bengaluru,Kolkata Knight Riders,174.0,174.0,167.0,174.0,0.0,164.0,165.9,7.8,-1.9000000000000057,169.0,169.8,6.6,-0.8000000000000114,0.6,160.6,166.0,173.94736842105263,0.2631578947368421,-0.4736842105263157,-15.400000000000006,4.599999999999994,0.0,0.0,1.0,0.3,0.2,0.75,0.75,-0.55,-0.45,0.4736842105263157,-5.0,-1.0999999999999943,0.19999999999999996,-0.9999999999999991
sample_20201229_0100,2020-12-29,IPL,Punjab Kings,Gujarat Titans,M Chinnaswamy Stadium,Punjab Kings,Gujarat Titans,172.0,172.0,172.0,202.0,0.0,168.0,167.8,8.0,0.19999999999998863,191.8,182.6,6.8,9.200000000000017,0.3333333333333333,168.66666666666666,172.33333333333334,173.775,0.25,-0.5,-17.0,22.400000000000006,1.0,1.0,0.0,0.2,0.5,0.5,0.875,0.0,-0.675,0.5,-23.80000000000001,-9.000000000000028,-0.33333333333333337,1.6000000000000005
sample_20201230_0101,2020-12-30,IPL,Rajasthan Royals,Chennai Super Kings,MA Chidambaram Stadium,Chennai Super Kings,Rajasthan Royals,139.0,139.0,120.0,139.0,0.0,175.2,170.5,6.2,4.699999999999989,175.6,169.6,6.8,6.0,0.5,170.70357142857142,170.70357142857142,157.7058823529412,0.4117647058823529,-0.17647058823529416,12.799999999999983,7.799999999999983,0.0,0.0,1.0,0.4444444444444444,0.75,0.7,0.625,0.050000000000000044,-0.18055555555555558,0.17647058823529416,-0.4000000000000057,-1.3000000000000114,0.0,-1.2000000000000002
sample_20201231_0102,2020-12-31,IPL,Royal Challengers Bengaluru,Lucknow Super Giants,MA Chidambaram Stadium,Royal Challengers Bengaluru,Lucknow Super Giants,168.0,168.0,168.0,179.0,0.0,165.0,169.5,6.4,-4.5,172.2,169.0,7.6,3.1999999999999886,0.25,141.75,143.25,156.13888888888889,0.3888888888888889,-0.22222222222222232,-16.80000000000001,-3.0,1.0,1.0,0.0,0.2,0.5714285714285714,0.7692307692307693,0.4666666666666667,-0.19780219780219788,-0.26666666666666666,0.22222222222222232,-7.199999999999989,-7.699999999999989,-0.5,0.20000000000000018
sample_20210101_0103,2021-01-01,IPL,Delhi Capitals,Rajasthan Royals,Arun Jaitley Stadium,Rajasthan Royals,Delhi Capitals,181.0,181.0,173.0,181.0,0.0,168.6,165.7,7.2,2.9000000000000057,168.0,166.8,6.4,1.1999999999999886,0.5,175.0,160.0,170.875,0.4166666666666667,-0.16666666666666674,2.1999999999999886,0.19999999999998863,0.0,0.0,1.0,0.2857142857142857,0.4,0.5,0.7,-0.09999999999999998,-0.41428571428571426,0.16666666666666674,0.5999999999999943,1.700000000000017,0.0,1.8000000000000007
sample_20210102_0104,2021-01-02,IPL,Kolkata Knight Riders,Mumbai Indians,Narendra Modi Stadium,Kolkata Knight Riders,Mumbai Indians,190.0,190.0,190.0,185.0,1.0,159.8,169.5,6.6,-9.699999999999989,172.4,172.3,7.8,0.09999999999999432,0.5,170.70357142857142,170.70357142857142,172.20454545454547,0.36363636363636365,-0.0,-13.399999999999977,7.200000000000017,1.0,1.0,0.0,0.2727272727272727,0.2857142857142857,0.75,0.6666666666666666,-0.4642857142857143,-0.3939393939393939,0.0,-12.599999999999994,-9.799999999999983,0.0,0.6000000000000005
sample_20210103_0105,2021-01-03,IPL,Sunrisers Hyderabad,Punjab Kings,Narendra Modi Stadium,Sunrisers Hyderabad,Punjab Kings,183.0,183.0,183.0,172.0,1.0,171.4,174.3,7.0,-2.9000000000000057,169.6,168.9,8.2,0.6999999999999886,1.0,162.0,157.0,172.8695652173913,0.34782608695652173,-0.04347826086956519,-7.799999999999983,-2.0,1.0,1.0,0.0,0.375,0.2,0.5833333333333334,0.4444444444444444,-0.38333333333333336,-0.06944444444444442,0.04347826086956519,1.8000000000000114,-3.5999999999999943,1.0,-2.3999999999999995
sample_20210104_0106,2021-01-04,IPL,Rajasthan Royals,Kolkata Knight Riders,M Chinnaswamy Stadium,Kolkata Knight Riders,Rajasthan Royals,203.0,203.0,221.0,203.0,1.0,174.8,166.8,6.4,8.0,165.4,170.5,6.4,-5.099999999999994,0.5,158.5,155.5,174.4047619047619,0.2857142857142857,-0.4285714285714286,2.4000000000000057,-0.19999999999998863,0.0,0.0,1.0,0.4,0.2727272727272727,0.7272727272727273,0.7777777777777778,-0.4545454545454546,-0.37777777777777777,0.4285714285714286,9.400000000000006,13.099999999999994,0.0,-1.0
sample_20210105_0107,2021-01-05,IPL,Royal Challengers Bengaluru,Rajasthan Royals,Wankhede Stadium,Rajasthan Royals,Royal Challengers Bengaluru,170.0,170.0,210.0,170.0,1.0,165.0,169.6,6.8,-4.599999999999994,179.2,173.7,7.0,5.5,0.5,158.5,157.0,167.25,0.16666666666666666,-0.6666666666666667,-9.800000000000011,9.199999999999989,0.0,0.0,1.0,0.2,0.45454545454545453,0.7142857142857143,0.7272727272727273,-0.25974025974025977,-0.5272727272727273,0.6666666666666667,-14.199999999999989,-10.099999999999994,0.0,0.0
sample_20210106_0108,2021-01-06,IPL,Lucknow Super Giants,Kolkata Knight Riders,Arun Jaitley Stadium,Lucknow Super Giants,Kolkata Knight Riders,161.0,161.0,161.0,168.0,0.0,181.4,168.0,6.8,13.400000000000006,174.0,172.7,5.6,1.3000000000000114,0.5,166.5,164.5,171.12,0.4,-0.19999999999999996,-1.799999999999983,-11.800000000000011,1.0,1.0,0.0,0.625,0.2727272727272727,0.4666666666666667,0.7,-0.19393939393939397,-0.07499999999999996,0.19999999999999996,7.400000000000006,12.099999999999994,0.0,0.9999999999999991
sample_20210107_0109,2021-01-07,IPL,Rajasthan Royals,Sunrisers Hyderabad,M Chinnaswamy Stadium,Rajasthan Royals,Sunrisers Hyderabad,176.0,176.0,176.0,153.0,1.0,178.6,173.3,7.0,5.299999999999983,170.4,173.6,7.6,-3.1999999999999886,0.8333333333333334,188.5,174.0,176.11363636363637,0.3181818181818182,-0.36363636363636354,12.799999999999983,-12.199999999999989,1.0,1.0,0.0,0.45454545454545453,0.375,0.6666666666666666,0.6153846153846154,-0.29166666666666663,-0.1608391608391609,0.36363636363636354,8.199999999999989,8.499999999999972,0.6666666666666667,-0.5999999999999996
sample_20210108_0110,2021-01-08,IPL,Royal Challengers Bengaluru,Rajasthan Royals,Wankhede Stadium,Rajasthan Royals,Royal Challengers Bengaluru,182.0,182.0,172.0,182.0,0.0,175.4,171.2,6.8,4.200000000000017,173.6,174.4,6.8,-0.8000000000000114,0.6666666666666666,175.66666666666666,161.33333333333334,170.5,0.2857142857142857,-0.4285714285714286,-0.19999999999998863,2.5999999999999943,0.0,0.0,1.0,0.25,0.45454545454545453,0.7142857142857143,0.6923076923076923,-0.25974025974025977,-0.4423076923076923,0.4285714285714286,1.8000000000000114,5.000000000000028,0.33333333333333326,-1.2000000000000002
sample_20210109_0111,2021-01-09,IPL,Royal Challengers Bengaluru,Punjab Kings,Arun Jaitley Stadium,Punjab Kings,Royal Challengers Bengaluru,162.0,162.0,158.0,162.0,0.0,176.2,173.6,6.4,2.5999999999999943,166.4,170.2,8.2,-3.799999999999983,0.75,163.5,163.75,170.8653846153846,0.4230769230769231,-0.15384615384615374,-0.8000000000000114,-7.400000000000006,0.0,0.0,1.0,0.23529411764705882,0.18181818181818182,0.7142857142857143,0.4444444444444444,-0.5324675324675325,-0.2091503267973856,0.15384615384615374,9.799999999999983,6.399999999999977,0.5,-2.2
sample_20210110_0112,2021-01-10,IPL,Royal Challengers Bengaluru,Punjab Kings,M Chinnaswamy Stadium,Royal Challengers Bengaluru,Punjab Kings,148.0,148.0,148.0,148.0,1.0,176.4,172.7,5.8,3.700000000000017,167.6,167.5,7.6,0.09999999999999432,0.6,162.4,163.4,175.6086956521739,0.30434782608695654,-0.3913043478260869,-0.19999999999998863,-4.400000000000006,1.0,1.0,0.0,0.2222222222222222,0.18181818181818182,0.7142857142857143,0.5,-0.5324675324675325,-0.2777777777777778,0.3913043478260869,8.800000000000011,3.6000000000000227,0.19999999999999996,-1.5999999999999996
sample_20210111_0113,2021-01-11,IPL,Delhi Capitals,Lucknow Super Giants,Arun Jaitley Stadium,Lucknow Super Giants,Delhi Capitals,178.0,178.0,176.0,178.0,0.0,169.0,170.7,6.4,-1.6999999999999886,175.4,169.5,7.4,5.900000000000006,1.0,186.0,178.0,170.46296296296296,0.4074074074074074,-0.18518518518518512,-13.400000000000006,6.0,0.0,0.0,1.0,0.25,0.625,0.5,0.4375,0.125,-0.1875,0.18518518518518512,-6.400000000000006,-7.599999999999994,1.0,0.39999999999999947
sample_20210112_0114,2021-01-12,IPL,Kolkata Knight Riders,Gujarat Titans,Arun Jaitley Stadium,Gujarat Titans,Kolkata Knight Riders,140.0,140.0,147.0,140.0,1.0,177.0,169.6,5.0,7.400000000000006,195.4,183.4,5.8,12.0,0.5,170.70357142857142,170.70357142857142,170.69642857142858,0.39285714285714285,-0.2142857142857142,-5.599999999999994,12.800000000000011,0.0,0.0,1.0,0.3333333333333333,0.5454545454545454,0.7,0.875,-0.15454545454545454,-0.5416666666666667,0.2142857142857142,-18.400000000000006,-4.599999999999994,0.0,-0.40000000000000036
sample_20210113_0115,2021-01-13,IPL,Gujarat Titans,Punjab Kings,Wankhede Stadium,Punjab Kings,Gujarat Titans,180.0,180.0,175.0,180.0,0.0,185.6,178.7,5.8,6.900000000000006,170.4,164.3,7.0,6.099999999999994,0.75,179.75,169.5,171.3125,0.25,-0.5,11.0,-3.799999999999983,0.0,0.0,1.0,0.5454545454545454,0.16666666666666666,0.7777777777777778,0.5,-0.6111111111111112,0.045454545454545414,0.5,15.199999999999989,0.8000000000000114,0.5,2.2
sample_20210114_0116,2021-01-14,IPL,Sunrisers Hyderabad,Chennai Super Kings,Narendra Modi Stadium,Sunrisers Hyderabad,Chennai Super Kings,184.0,184.0,184.0,195.0,0.0,169.8,173.4,7.8,-3.5999999999999943,168.8,171.1,6.4,-2.299999999999983,0.0,155.5,161.0,173.0625,0.3333333333333333,-0.08333333333333326,16.600000000000023,-2.799999999999983,1.0,1.0,0.0,0.35294117647058826,0.75,0.6153846153846154,0.6666666666666666,0.13461538461538458,-0.31372549019607837,0.08333333333333326,1.0,-1.3000000000000114,-1.0,-1.2000000000000002
sample_20210115_0117,2021-01-15,IPL,Delhi Capitals,Gujarat Titans,Wankhede Stadium,Gujarat Titans,Delhi Capitals,164.0,164.0,161.0,164.0,0.0,174.8,170.2,7.2,4.600000000000023,175.8,179.4,5.0,-3.5999999999999943,0.25,164.0,176.25,172.0,0.2222222222222222,-0.5555555555555556,7.400000000000006,2.0,0.0,0.0,1.0,0.2222222222222222,0.5,0.5,0.7777777777777778,0.0,-0.5555555555555556,0.5555555555555556,-1.0,8.200000000000017,-0.5,0.0
sample_20210116_0118,2021-01-16,IPL,Kolkata Knight Riders,Gujarat Titans,Eden Gardens,Gujarat Titans,Kolkata Knight Riders,196.0,196.0,176.0,196.0,0.0,175.0,169.5,4.6,5.5,176.6,180.7,4.6,-4.099999999999994,1.0,147.0,140.0,177.04545454545453,0.5454545454545454,0.09090909090909094,6.599999999999994,0.4000000000000057,0.0,0.0,1.0,0.38461538461538464,0.5,0.7,0.8,-0.19999999999999996,-0.4153846153846154,-0.09090909090909094,-1.5999999999999943,9.599999999999994,1.0,-1.2000000000000002
sample_20210117_0119,2021-01-17,IPL,Gujarat Titans,Mumbai Indians,MA Chidambaram Stadium,Mumbai Indians,Gujarat Titans,171.0,171.0,162.0,171.0,0.0,175.4,183.6,4.0,-8.199999999999989,174.8,179.1,7.2,-4.299999999999983,0.5,173.0,169.0,157.05263157894737,0.42105263157894735,-0.1578947368421053,3.0,7.600000000000023,0.0,0.0,1.0,0.5,0.25,0.8181818181818182,0.6666666666666666,-0.5681818181818182,-0.16666666666666663,0.1578947368421053,0.5999999999999943,-3.9000000000000057,0.0,1.0
sample_20210118_0120,2021-01-18,IPL,Kolkata Knight Riders,Rajasthan Royals,MA Chidambaram Stadium,Rajasthan Royals,Kolkata Knight Riders,167.0,167.0,169.0,167.0,1.0,176.8,168.3,5.0,8.5,186.0,177.0,7.0,9.0,0.3333333333333333,171.33333333333334,179.33333333333334,157.525,0.4,-0.19999999999999996,-5.399999999999977,5.400000000000006,0.0,0.0,1.0,0.35714285714285715,0.45454545454545453,0.7,0.7142857142857143,-0.24545454545454543,-0.35714285714285715,0.19999999999999996,-9.199999999999989,-0.5,-0.33333333333333337,0.7999999999999998
sample_20210119_0121,2021-01-19,IPL,Sunrisers Hyderabad,Delhi Capitals,Eden Gardens,Delhi Capitals,Sunrisers Hyderabad,186.0,186.0,185.0,186.0,0.0,171.8,176.1,7.6,-4.299999999999983,175.4,167.7,7.2,7.700000000000017,0.8,185.4,171.2,177.79166666666666,0.5,-0.0,-8.0,1.8000000000000114,0.0,0.0,1.0,0.35294117647058826,0.2,0.5714285714285714,0.5,-0.3714285714285714,-0.14705882352941174,0.0,-3.5999999999999943,-12.0,0.6000000000000001,-1.5999999999999996
sample_20210120_0122,2021-01-20,IPL,Kolkata Knight Riders,Rajasthan Royals,MA Chidambaram Stadium,Rajasthan Royals,Kolkata Knight Riders,175.0,175.0,193.0,175.0,1.0,172.6,169.0,4.8,3.5999999999999943,183.2,179.0,7.0,4.199999999999989,0.5,170.75,176.25,158.02380952380952,0.42857142857142855,-0.1428571428571428,-8.800000000000011,6.199999999999989,0.0,0.0,1.0,0.4,0.45454545454545453,0.7,0.6666666666666666,-0.24545454545454543,-0.2666666666666666,0.1428571428571428,-10.599999999999994,-0.5999999999999943,0.0,1.6000000000000005
sample_20210121_0123,2021-01-21,IPL,Lucknow Super Giants,Kolkata Knight Riders,Eden Gardens,Kolkata Knight Riders,Lucknow Super Giants,156.0,156.0,136.0,156.0,0.0,173.0,168.9,7.6,4.099999999999994,170.6,172.3,5.4,-1.700000000000017,0.3333333333333333,164.66666666666666,165.66666666666666,178.3846153846154,0.46153846153846156,-0.07692307692307687,5.199999999999989,-6.200000000000017,0.0,0.0,1.0,0.625,0.4375,0.47058823529411764,0.7,-0.03308823529411764,-0.07499999999999996,0.07692307692307687,2.4000000000000057,5.800000000000011,-0.33333333333333337,1.5999999999999996
sample_20210122_0124,2021-01-22,IPL,Sunrisers Hyderabad,Rajasthan Royals,Eden Gardens,Sunrisers Hyderabad,Rajasthan Royals,210.0,210.0,210.0,212.0,0.0,175.2,177.6,8.2,-2.4000000000000057,174.0,176.6,6.0,-2.5999999999999943,0.14285714285714285,171.0,186.71428571428572,176.07142857142858,0.42857142857142855,-0.1428571428571428,-4.200000000000017,-3.1999999999999886,1.0,1.0,0.0,0.3333333333333333,0.45454545454545453,0.5714285714285714,0.625,-0.11688311688311687,-0.2916666666666667,0.1428571428571428,1.1999999999999886,0.19999999999998863,-0.7142857142857143,0.0
sample_20210123_0125,2021-01-23,IPL,Royal Challengers Bengaluru,Mumbai Indians,M Chinnaswamy Stadium,Royal Challengers Bengaluru,Mumbai Indians,174.0,174.0,174.0,170.0,1.0,171.2,168.1,5.4,3.0999999999999943,172.0,181.4,6.8,-9.400000000000006,0.5,163.75,165.0,174.45833333333334,0.2916666666666667,-0.33333333333333326,4.599999999999994,3.8000000000000114,1.0,1.0,0.0,0.2222222222222222,0.25,0.7333333333333333,0.7142857142857143,-0.4833333333333333,-0.4920634920634921,0.33333333333333326,-0.8000000000000114,12.5,0.0,-1.2000000000000002
sample_20210124_0126,2021-01-24,IPL,Royal Challengers Bengaluru,Sunrisers Hyderabad,MA Chidambaram Stadium,Sunrisers Hyderabad,Royal Challengers Bengaluru,196.0,196.0,194.0,196.0,0.0,172.4,168.7,4.6,3.700000000000017,183.0,177.2,7.2,5.800000000000011,0.5,162.5,169.5,159.20454545454547,0.45454545454545453,-0.09090909090909083,-15.799999999999983,16.599999999999994,0.0,0.0,1.0,0.2222222222222222,0.3333333333333333,0.75,0.5333333333333333,-0.4166666666666667,-0.3111111111111111,0.09090909090909083,-10.599999999999994,-2.0999999999999943,0.0,0.40000000000000036
sample_20210125_0127,2021-01-25,IPL,Chennai Super Kings,Royal Challengers Bengaluru,Wankhede Stadium,Royal Challengers Bengaluru,Chennai Super Kings,177.0,177.0,200.0,177.0,1.0,167.0,171.1,6.6,-4.099999999999994,169.2,172.3,4.2,-3.1000000000000227,0.5,184.0,197.0,171.05,0.2,-0.6000000000000001,-4.599999999999994,17.19999999999999,0.0,0.0,1.0,0.7777777777777778,0.21052631578947367,0.6666666666666666,0.75,-0.45614035087719296,0.02777777777777779,0.6000000000000001,-2.1999999999999886,-0.9999999999999716,0.0,-0.20000000000000018
sample_20210126_0128,2021-01-26,IPL,Mumbai Indians,Lucknow Super Giants,Arun Jaitley Stadium,Lucknow Super Giants,Mumbai Indians,205.0,205.0,185.0,205.0,0.0,165.0,179.4,6.6,-14.400000000000006,163.8,168.1,6.8,-4.299999999999983,0.0,185.0,191.0,169.75862068965517,0.41379310344827586,-0.17241379310344818,-3.4000000000000057,-4.0,0.0,0.0,1.0,0.2222222222222222,0.5555555555555556,0.7142857142857143,0.47058823529411764,-0.15873015873015872,-0.24836601307189543,0.17241379310344818,1.1999999999999886,-10.100000000000023,-1.0,-1.2000000000000002
sample_20210127_0129,2021-01-27,IPL,Kolkata Knight Riders,Rajasthan Royals,Arun Jaitley Stadium,Kolkata Knight Riders,Rajasthan Royals,144.0,144.0,144.0,141.0,1.0,168.2,172.6,5.8,-4.400000000000006,182.4,180.5,6.0,1.9000000000000057,0.6,175.2,176.0,170.6,0.4,-0.19999999999999996,-11.200000000000017,19.599999999999994,1.0,1.0,0.0,0.4375,0.5,0.7272727272727273,0.625,-0.2272727272727273,-0.1875,0.19999999999999996,-14.200000000000017,-6.300000000000011,0.19999999999999996,0.0
sample_20210128_0130,2021-01-28,IPL,Lucknow Super Giants,Mumbai Indians,MA Chidambaram Stadium,Mumbai Indians,Lucknow Super Giants,175.0,175.0,148.0,175.0,0.0,171.8,172.0,6.2,-0.19999999999998863,169.0,178.4,6.4,-9.400000000000006,1.0,198.0,185.0,160.7608695652174,0.43478260869565216,-0.13043478260869557,-5.399999999999977,-1.5999999999999943,0.0,0.0,1.0,0.5555555555555556,0.2,0.5,0.7142857142857143,-0.3,-0.15873015873015872,0.13043478260869557,2.8000000000000114,9.200000000000017,1.0,1.6000000000000005
sample_20210129_0131,2021-01-29,IPL,Delhi Capitals,Chennai Super Kings,M Chinnaswamy Stadium,Delhi Capitals,Chennai Super Kings,201.0,201.0,201.0,221.0,0.0,175.6,169.6,7.2,6.0,172.6,172.9,5.8,-0.30000000000001137,0.5,170.70357142857142,170.70357142857142,174.36,0.28,-0.3600000000000001,19.599999999999994,-9.400000000000006,1.0,1.0,0.0,0.2,0.8,0.5384615384615384,0.6666666666666666,0.2615384615384616,-0.4666666666666666,0.3600000000000001,3.0,6.300000000000011,0.0,0.5999999999999996
sample_20210130_0132,2021-01-30,IPL,Kolkata Knight Riders,Chennai Super Kings,M Chinnaswamy Stadium,Kolkata Knight Riders,Chennai Super Kings,167.0,167.0,167.0,163.0,1.0,167.6,171.3,6.2,-3.700000000000017,185.8,179.0,5.2,6.800000000000011,0.0,166.66666666666666,178.0,175.76923076923077,0.3076923076923077,-0.3076923076923077,-1.8000000000000114,22.80000000000001,1.0,1.0,0.0,0.4375,0.8181818181818182,0.75,0.6666666666666666,0.06818181818181823,-0.22916666666666663,0.3076923076923077,-18.200000000000017,-10.500000000000028,-1.0,-2.0
sample_20210131_0133,2021-01-31,IPL,Chennai Super Kings,Gujarat Titans,M Chinnaswamy Stadium,Gujarat Titans,Chennai Super Kings,169.0,169.0,152.0,169.0,0.0,183.6,179.6,4.4,4.0,167.4,181.4,4.8,-14.0,0.0,168.0,181.0,175.37037037037038,0.2962962962962963,-0.33333333333333326,16.599999999999994,-2.4000000000000057,0.0,0.0,1.0,0.75,0.46153846153846156,0.6666666666666666,0.8181818181818182,-0.20512820512820507,-0.06818181818181823,0.33333333333333326,16.19999999999999,18.0,-1.0,0.7999999999999998
sample_20210201_0134,2021-02-01,IPL,Lucknow Super Giants,Gujarat Titans,Eden Gardens,Lucknow Super Giants,Gujarat Titans,185.0,185.0,185.0,199.0,0.0,165.6,173.5,7.4,-7.900000000000006,173.2,179.4,5.2,-6.200000000000017,1.0,184.0,184.0,178.4,0.4666666666666667,-0.06666666666666665,-2.4000000000000057,1.1999999999999886,1.0,1.0,0.0,0.5,0.46153846153846156,0.5,0.8333333333333334,-0.038461538461538436,-0.33333333333333337,0.06666666666666665,-7.599999999999994,-1.6999999999999886,1.0,-1.6000000000000005
sample_20210202_0135,2021-02-02,IPL,Lucknow Super Giants,Royal Challengers Bengaluru,Arun Jaitley Stadium,Royal Challengers Bengaluru,Lucknow Super Giants,150.0,150.0,136.0,150.0,0.0,170.4,172.9,6.8,-2.5,170.2,173.2,5.4,-3.0,0.8,150.4,147.0,169.69354838709677,0.3870967741935484,-0.22580645161290325,-4.799999999999983,-8.0,0.0,0.0,1.0,0.5,0.21052631578947367,0.47368421052631576,0.7058823529411765,-0.2631578947368421,-0.20588235294117652,0.22580645161290325,0.20000000000001705,0.5,0.6000000000000001,-0.20000000000000018
sample_20210203_0136,2021-02-03,IPL,Kolkata Knight Riders,Punjab Kings,Wankhede Stadium,Punjab Kings,Kolkata Knight Riders,144.0,144.0,126.0,144.0,0.0,165.8,171.3,6.6,-5.5,166.8,167.4,6.8,-0.5999999999999943,0.6666666666666666,169.33333333333334,163.66666666666666,172.63636363636363,0.2727272727272727,-0.4545454545454546,-7.399999999999977,10.400000000000006,0.0,0.0,1.0,0.4375,0.16666666666666666,0.7692307692307693,0.5454545454545454,-0.6025641025641026,-0.10795454545454541,0.4545454545454546,-1.0,-4.900000000000006,0.33333333333333326,1.4000000000000004
sample_20210204_0137,2021-02-04,IPL,Kolkata Knight Riders,Punjab Kings,M Chinnaswamy Stadium,Punjab Kings,Kolkata Knight Riders,175.0,175.0,172.0,175.0,0.0,157.2,164.9,7.0,-7.700000000000017,161.2,165.4,7.2,-4.200000000000017,0.5,158.5,158.75,174.83928571428572,0.2857142857142857,-0.3571428571428572,-0.8000000000000114,9.399999999999977,0.0,0.0,1.0,0.4117647058823529,0.16666666666666666,0.7692307692307693,0.5833333333333334,-0.6025641025641026,-0.17156862745098045,0.3571428571428572,-4.0,-3.5,0.0,1.4000000000000004
sample_20210205_0138,2021-02-05,IPL,Lucknow Super Giants,Royal Challengers Bengaluru,Arun Jaitley Stadium,Royal Challengers Bengaluru,Lucknow Super Giants,150.0,150.0,165.0,150.0,1.0,162.0,167.5,6.2,-5.5,168.6,172.5,6.0,-3.9000000000000057,0.6666666666666666,148.0,147.5,168.859375,0.375,-0.25,-8.0,-4.400000000000006,0.0,0.0,1.0,0.45454545454545453,0.21052631578947367,0.47368421052631576,0.7222222222222222,-0.2631578947368421,-0.2676767676767677,0.25,-6.599999999999994,-1.5999999999999943,0.33333333333333326,-0.40000000000000036
sample_20210206_0139,2021-02-06,IPL,Delhi Capitals,Gujarat Titans,Wankhede Stadium,Delhi Capitals,Gujarat Titans,170.0,170.0,170.0,159.0,1.0,179.4,174.0,7.2,5.400000000000006,178.0,176.9,6.0,1.0999999999999943,0.2,163.4,173.8,169.5,0.25,-0.5,10.400000000000006,-7.800000000000011,1.0,1.0,0.0,0.2,0.5,0.5,0.8333333333333334,0.0,-0.6333333333333333,0.5,1.4000000000000057,4.300000000000011,-0.6,-0.40000000000000036
